run,mean_ndcg@50,stderr
bm25,0.435818,0.016361
tfidf_basic_all,0.002443,0.001289
