run,mean_map,stderr
bm25,0.367788,0.017102
tfidf_basic_all,0.001115,0.000851
